seq,label
MQ,1
VE,1
NVTSIHSLLDEGKQSLTKLA,0
RRVTETRSSFSRVSGSPSSGF,0
WVE,1
GGGW,1
HR,1
GTDGVTYTNDCLLC,0
SLLELQKVFSKGTFL,0
RPCEQHLMQKIQRDEDSYER,0
LYQEPVLGPVRGPFPIIV,1
TPVVVPP,1
VR,1
AIAV,1
VPVPM,1
MY,1
YK,1
EAGFAKLAASDSKSL,0
FP,1
HV,1
EENVEHDAEENVEHDA,0
IR,1
FAMD,1
KLVFFAEDVGSNKGA,0
FLQY,1
QEAFSHIRIPLPH,0
VIEPR,0
EVERKHPLGGSRPGRCPTVPPGTFGHCACLCTGDASEPKGQKCCSN,0
LLWLLLFLAILIWMYYHGQR,0
DDTGHNFENTGEAM,0
RADHPFL,0
ESVFSKIGNAVGPAAYWILKGLGNMSDVNQADRINRKKH,0
LVYPFPGPIPNSLPQNIPPLTQTPVVVPPF,1
WRE,1
VPQLEIVPN,1
CKDDQNPHSS,1
WLQL,1
KMQAMKLEKDNAMDR,0
PPLTQTPVVVPPFLQPE,1
GFRDVLKGAAKAFVKTVAGHIANI,0
YE,1
GPGSPGGPL,1
LSGTSMASPHVCGLGAYLIG,0
PGR,1
FLGALFKALSHLL,0
VAPFPEVF,1
PPLTQTPVVVPPFLQPEV,1
RG,1
IVQNNDSTEYGLF,1
AVVPVLAYAAARLLL,0
SIGWAYQYALSSDSKNLSDLK,0
DN,1
FRGLMHY,0
GPPGPP,0
TQSLVYP,0
DQ,1
VPVPQ,1
VDTFPA,1
DRKMYWQFKMDKIQI,0
KIYPSFQPQPLIYP,0
KI,1
ERILDLRKTKKSCKNGEVLGCVSGHGPPGCSENECGMGPRPKACFFDCHYGCWCTGKLYRRKRDRKCVPKHECLL,0
VW,1
WS,1
VYPFPGPIPNSLPQNIPPLTQTP,1
MRKWFHNVLSSGQLLADKWPAWDYNRK,0
TPEVDDEALEK,1
ALAV,1
EQKKESKFLPFLTNIETL,0
VPVPF,1
VT,1
SI,1
PN,1
PS,1
IN,1
VNDVCNFASRNDYSYWLSTPA,0
EPVLGPVRGPFP,1
MDFLI,0
KEAVPLEDLVLPEPVG,0
ALNEINQFYQK,0
PPEQPFHSYGVTYTFATDA,0
WPC,1
KA,1
APDPF,1
VPPIPP,0
LWYYIALKKLRKAFPNKYVKM,0
VLPIP,0
YT,1
MDIVDPNIE,1
ILDKVGINY,1
LGRSGGDIIKKMQTL,0
ILDL,1
AFPPPNVPGPRFPPPNFPGPRFPPPNFPGPRFPPPNFPGPRFPPPNFPGPPFPPPIFPGPWFPPPPPFRPPPFGPPRFP,0
HRGF,1
LKLYQWILKQKSMASEEI,0
VICTTKQYTRRCLSK,0
PA,1
VPVPT,1
EG,1
GRLIPTCKNLRPGPSPKEFE,0
VLAQYK,0
ALAPE,0
LCSEKLDQ,1
HPIK,1
WPT,1
VPVPH,1
DNQLQNGIKRVKEFL,0
QW,1
TTMLIQDEDDLEMA,0
AD,1
WAE,1
FTSLLQHFSFSVPTGQPRPS,0
VI,1
ASINKFVVLISATLVLSFAI,0
TPVVVPPFLQPE,1
EPMIGVNQELAYF,1
DTANWSWPDGAELPFTI,0
IRFSVRRFHPKLGDK,0
FMPILSCSRFKRC,0
VN,1
LSERRMLLRKEKQAQ,1
LKDAQ,0
WE,1
AAEFPDFYDSEEQMGPHQEAEDEKDRADQRVLTEEEKKELENLAAMDLELQKIAEKFSQR,0
VPITPTL,1
KH,1
GFGSLLGKALRLGANVL,0
MMPVDPNIE,1
WPV,1
STSLVKAHSMRNSAS,0
MDGVDPNIE,1
YAKPA,1
WIQP,1
YPELF,1
LDAQSAPLR,0
FLPIIAGIAAKFLPKIFCTISKKC,0
VVKDPYKFLNKEKRDKFL,0
FLQP,1
IPSLEAAVKQAYAATVAAAPQ,0
CVLYRYGSFSVTLDI,0
GFGMALKLLKKVL,0
SKTSASIGSLCADARMYGVLP,0
ASGRDIAMAIGTLSGQFVAGGIGAAAGGVAGGAIYDYASTHKPNPAMSPSGLGGTIKQKPEGIPSEAWNYAAGRLCNWSPNNLSDVCL,0
VPTP,1
TEWTSSNVMEERKIKV,0
LPQNIPP,1
YINQMPQKSRE,1
YH,1
SPAQILQWQVL,1
EISTNIRQAGVQYSRADEEQ,0
IPAVFK,1
VPPFIQPE,1
GTVGGTKYGLAKGVSLVAVK,0
LV,1
GPAG,1
RM,1
FAAQKAKANKAVD,0
KWKLFKKIEKVGQNIRDGIIKAGPAVAVVGQATQIAK,0
GFGCPNNYQCHRHCKSIPGRCGGYCGGWHRLPCTCYRCG,0
FFVAPFPEVFGK,1
KPQEEKEKITKEILNGK,0
AKYTGKCTKSKNECKYKNDAGKDTFIKCPKFDNKKCTKDNNKCTVDTYNNAVDCD,0
YIPIQY,0
AE,1
EPVLGPVRGPFPI,1
KS,1
WAT,1
IQYCA,0
IVGRPRHQG,0
LTQTP,1
WPH,1
LHGPYP,0
RLYLHENK,1
APSAK,0
VKAGF,0
WVG,1
YKIADPICTFIFSIL,0
FVDGKEVTSKPANKVS,0
YQEPVLGPVRGPF,0
DDTGHDFEDTGEAM,0
VVYPW,1
VDSITEVECFLTPEM,0
PT,1
NAVPITPTLNR,1
TSQDGNNHQFT,0
GRRITTRRIMENGQE,0
YFLLKWLGHPNVS,0
SVFNVVNSSIGLIMVLSFLFLN,0
QT,1
KAMVALIDVFHQYSGREGDK,0
KNQKKIRGILESLMCNES,0
CTFTLPGGGGVCTLTSECIC,0
PGVGGPLGPIGPCYE,1
RK,1
SPTVMFPPQSVL,1
FLPIVTNLLSGLL,0
WAC,1
NAVPITPT,1
DAYYNYLNNLVLASYNR,0
GLIGLIGPPGEQGEK,0
FLSLIPHAINAVSALANHG,0
EMPFPK,1
NIPPLTQTPV,0
PPLTQTPV,1
HW,1
DYGLYP,0
LNFL,1
ATSLSPFYLRPPSFLR,0
MGGVAALFGMPWLSA,0
LHLPLPL,1
EMLFNFLKEQLNKLLGLLRLF,0
ERTYLVNDKAAKMHA,0
LIVTQTMK,1
LSRGQ,0
TP,1
GV,1
AW,1
YVPEPF,1
GW,1
ENGDVKFDLIPKENTERSHK,0
LCGSHLVEALYLVCGER,0
TDGGLLE,1
VNNLARTTPDRQAAC,0
RQMVQAMRAIGTHPSSS,0
GY,1
GYGGVSLPEW,1
KCEFQDAYVLLSEKK,0
GGPAGPAV,1
TY,1
ALPMHIR,1
AAVPVLAFDAARLRLLE,0
RAPRKTSERSQPRGRRQPIPKARR,0
KQVTIRIGCKTS,0
GHKIATFQQR,0
GPAE,1
TRPYRYPRVCDASLS,0
PSPAKPDPNLYNTLD,0
MKPVDPNIE,1
WV,1
KHIQKEDVPSERYLGYLE,0
WRI,1
VRGP,1
WQ,1
IQKEDVPSER,0
WRS,1
VSQIFPDSVMLAVQE,0
WRQ,1
LPNYN,1
LVYPFPGPIPNSLPQNIPP,1
AANKQKQELDEISTNIRQAG,0
WVY,1
TT,1
KPTQAFVKQHLCGPHL,0
LPIIDI,1
SQSKVLPVPQ,0
YPVEPFT,1
YV,1
WRV,1
LEPGDTIIFEANGNLIA,0
VPRLPEQGSSSRAEDSPEG,0
PGVGGPLGPIGPCYG,1
ARDLPGQ,0
YNRLEKVEADAQVDRLITGR,0
QPHQPLPPTVMFPPQS,1
SLPQNIPP,1
KESWSYIVETPNPENGT,0
DDMTMKPTPPPQYPLNLQGGGGGGSGDGFGFAVQGHQKVWTSDNGRHEIGLNGGYGQHLGGPYGNSEPSWKVGSTYTYRFPNF,0
NY,1
VKELQ,0
FVLPLVMCKILRKC,0
VLGPVRGPFP,1
EADEPLWLYKGDNIERAPTTADHPILPSIIDDVKLDPNRRYA,0
WPF,1
KVSVVAL,1
VRALEEANTELEVKI,0
YIPIQYVLSR,0
LYQEPVLGPVRGPFP,1
GH,1
FAGDDAPRA,1
WVPSV,0
FVYPW,1
LPIA,1
IH,1
LKPTPEGDLEIL,1
GPSMR,0
GCASRCKAKCAGRRCKGWASASFRGRCYCKCFRC,0
STYQT,0
YPVEPF,1
IQKEDVPSERY,1
SK,1
MPFPKYPVQPF,0
TKKTKLTEEEKNRL,0
DRTGVRVLTMCPGVT,0
NH,1
PITAKAIAASVG,0
AQGTLSKIFKLGGRDSRSGSPMARR,0
PV,1
MR,1
LEEAKAKLEEAEKKA,0
WRF,1
RPKHP,0
SLGILGIKNLIAAAVPKLTIE,0
PDEDAINDALNKVCSTGRRQRSICKQLLKK,0
NFSGFTKGTDIADLDAVA,0
PTHDAW,0
FDPF,1
HEACYDQREPQAWCRP,0
GCFEDWSRCSPSTSRGTGVLWRDCDSYCKVCFKADRGECFDSPSLNCPQRLPNNKQCRCINARTAKDNRNPTCWA,0
MWV,1
KYYADSVKGRFTISR,0
MYPVDPNIE,1
WVS,1
NENLLRFFVAPFPE,0
QPG,1
RLLLKLRQ,1
PKYVKQNTLKLAT,0
SDPVLTPVQSAG,0
WNINA,0
NHLYETPISATAMVI,0
VLGP,1
AF,1
GPAV,1
TA,1
REGDKHKLKKSELKEL,0
FGPGP,1
MAMG,1
IGMIFQHFNLLSAKNVFENVA,0
LPPLTAD,1
NA,1
DSFIADLVVGLSTGQ,0
TPEVDDEALE,0
EK,1
WVPSKKCHLTNIACL,0
PPFLQPEVM,1
LI,1
GVENGVKYWLIANSWNEGWG,0
ALQQIMENQSDRLQGRQQEQ,0
EY,1
EPMIGVNQEL,1
ISQET,1
QAPGKGLEWVAVISY,0
NGSAAPQLTKNAGVLTCILS,0
WVW,1
GIACGESCVFLGCFIPGCSCKSKVCYFN,0
KQKVAGPLCVRMDQAIM,0
KSDNQIKAVPASQAL,0
IPPLTQTPVVVPPFLQPEV,1
EVRRYTARLKEGDVF,0
VQYSRADEEQQQALSSQMGF,0
YPFPGPI,1
IAIPPGIPYW,1
PW,1
SGVSLAALKKALAAAGYDVEK,1
GPAGPQGPR,1
LNFLK,1
PNRIKYGD,0
RH,1
KKRFMKLNINVSLPQTLSLK,0
WVL,1
VL,1
KSCCKNTTGRNIYNTCRFAGGSRERCAKLSGCKIISASTCPSDYPK,0
AA,1
IPQSLDSWWTSL,0
ILMQYIKANSKFIGI,0
LIVTQTMKGLDIQKVAGTWYSLAMAASDISLLD,1
LYQGPIVLNPWDQVK,1
ITVDDK,1
AHIII,0
WPS,1
VAAA,1
ARCRG,0
QN,1
LPEWVCTTFH,1
ERGDT,0
FVAPFPEVFG,0
TR,1
RNDDLNYIQ,1
KRIHF,1
GPM,1
NLGIILR,1
PAL,1
DRVYIHPFHL,0
TV,1
QLGFLGPR,0
FASFDVPSKQPTIDIDLCDI,0
MW,1
VYPFPGPI,0
FN,1
QL,1
VKHWPW,0
LM,1
YVVKSFDRSTKVIDFHYPNE,0
LEFNQ,0
IEWEG,0
AT,1
FFVAPFPEVF,1
LN,1
LPQNIPPL,1
HI,1
VV,1
ALPKKLKYLNLFNDGFNYMGVV,0
MAPVDPNIE,1
GPFP,1
MWPTSSSTK,1
APFPE,1
LIDKVVK,0
LGYLEQLLR,1
FY,1
LPP,1
GIKCRFCCGCCTPGICGVCCRF,0
VPYPQ,1
LVVYPWTQRF,1
VPLVM,1
ILPILSLIGGLLGK,0
LTFPGSAED,1
FAGGTSGSGV,1
AP,1
YA,1
QH,1
LLENGAIFVTSG,0
WRY,1
PGPIHDS,1
DLRFLYPRGKLPVPTLPPFNPKPIYIDMGNRY,0
FVAPFPEVFGK,1
CDKKCIEWEKAQ,0
TPVVVPPFLQP,1
GIAYFSMVGNWAKVL,0
RELEEL,0
FLPFLASLLSKVL,0
VDLLVNLLPAILSPGA,0
CHGSEPCIIHRGKPF,0
AISGSSLAHPQRKIS,0
PQNIPPL,1
VPPFLQPEV,1
AAAAG,1
GAPGPAGPGGIPGERG,0
GLFDIVKKIAGHIVSSI,0
MSPVDPNIE,1
VKSVVAL,1
LPQ,1
VD,1
MAMGL,1
VDASLSLKPSFEE,1
RA,1
GPKGDRGLPGPPGRDGM,1
EKLIETYFSKNYQDYEYLINVI,0
KLLLRRLQ,1
LEIVPK,0
YPG,1
KVEPLP,1
QPLPPTVMFPPQ,1
KV,1
MTPVDPNIE,1
PPFLQPEV,1
ENARILKNCVDAKMTEE,0
NVIYSQNSFLPRATT,0
YLAHK,0
IPI,1
LLYQEPVLGPVR,1
VGL,1
TKCEVFRE,1
LNVLRIINEPTAAAI,0
LVYPFPGPI,0
IL,1
SLVYP,0
KR,1
EPGEVLVEIETDKAQMDF,0
TLVVNRLRGSLKICAVKAPG,0
CIIHRGKPFQLEAVFEANQNTKTA,0
TPVVVPPF,1
NM,1
EPVLGPVRGPF,1
PLTQTP,0
SF,1
CAYQWQRPVDRIR,1
YF,1
PP,1
LCSEKLDQWL,1
ELIHVLHGLYGMQVSS,0
ANGILNVSAVDKSTG,0
IIDKVGINY,1
SPGSSGPQGFTG,1
CMENSA,0
LLY,1
KWKKFLKIGIGKFLHLAKKF,0
WAF,1
PTFTIETTTLPQDAVSRT,0
MAPKHKEMPFPKYP,1
TN,1
LPQNIPPLTQTPVVVPPFLQPEVMGVSK,0
AVPYPQ,0
NYIVPEDKREMWMACIKELH,0
KGTFLLGLAETSLAG,0
LNECQ,0
ATCDLLSGFGVGDSACAAHCIARRNRGGYCNAKKVCVCRN,0
WRM,1
TQPKTNAIPY,0
HTPGVHMASLSVYLKTNVFL,0
MPFHNIHPLTIG,0
QKAVPYPQRDMPI,0
ALK,1
AYFYPEL,0
II,1
IPPVPP,0
VPVPK,1
FLLSYGEKDFEDYRF,0
LEEL,1
WK,1
QF,1
EPMIGVNQE,1
LLR,1
DP,1
VGGSDLQALK,1
MA,1
IPIQY,1
VAGYSYTDANK,0
FQLGASPY,1
VIGMDVAASEFFRSG,0
TF,1
VM,1
VTGRFAGHPAAQ,1
GQEYTFYVIVTPYAK,0
LAPSLPGKPKPD,1
GINHEKYNSSQTIVSNAS,0
EPMIGVNQELAY,1
LLQLEAIR,1
LPFA,1
LHLWLP,0
ILLPGAQDGL,1
TATGLLE,1
WPR,1
QFKRELRNLPQQCGLRAPQR,0
MWPVDPNIE,1
YW,1
PTHIKW,0
QG,1
EYLNKIQNSLSTEWSPCSVT,0
WPW,1
WLAHKAL,1
YLYSPAY,1
TQMVDEEIMEKFR,1
GIEPML,1
YR,1
SSKRGRQTPVLYAMLDHSRS,0
WRL,1
WA,1
TSRNNPFYFPSRRFSTRYGN,0
ELLAITTVVGNQ,0
PEKPAPAPETPAPEA,0
MPPVDPNIE,1
ERANLRPCEQHLMQKIQRDE,0
TTAGLLE,1
WRA,1
LHSMK,1
ILDKEGIDY,1
YPELFR,1
LYQEPVLGP,1
RGLERA,0
GCIITSLTGRDKNQVEGE,0
VAPFPE,1
HDDRLGFLTFCPTNL,0
WRC,1
IFKIEKGKVTKSIELNA,0
LPQNIPPLTQT,1
AYPGNGVHCGKYSCTVDKQTAIGNIGNNAA,0
LFVVYRDSIPHAACH,0
GNRFLAPDDQIK,0
APGPAGP,1
KCIEWEKAQHGA,0
APGGAP,1
EH,1
MAGVDHI,1
IPPLTQ,0
MAPKHKEMPFPKYPVEP,1
HPFAQTQ,0
PYVRYL,0
IPDKVGINY,1
QPHQPLPPT,1
WAV,1
KEDDEEEEQEEE,0
ESQITTLIVSKPERK,0
SAPRHGSLGFLPRK,1
VAPFPEVFGK,1
LKDTQ,0
VPVPV,1
WAP,1
GPVGPPG,1
WVP,1
SAYLAHRNQSLDLAEQELVDCAS,0
QD,1
MAPTSSSTKKTQL,1
PPPP,1
FLPLIGKILGTIL,0
RELEE,0
FPEVFGKE,1
WMHQPHQPLPPT,1
SP,1
KHISSNEYIIEDSFKLLN,0
VPITPT,1
MLVAAPLAAANAGVT,0
YKWLP,0
AYKRQ,0
VSKVKET,0
HPHPH,1
VFRELKDLKG,1
QSIALSSLMVAQAIP,0
PGVLPVA,1
MH,1
LLEQKRGRVDNYCRHNYGV,0
TI,1
FLKWLFKWAKK,0
PFP,1
LGLLKLVAQRRNLLKYI,0
LLQ,1
LRYQKDKKGISTSAASPAVG,0
YPSKPDNPGE,1
EW,1
WRP,1
ESSVDDRPMKTVSQD,0
QQ,1
HLMQKIQRDEDSYERDPYSP,0
VVYPWTQRF,0
LKGYGGVSLPE,1
DFKLFAVYIKYR,0
HKEMPFPKYP,1
GPVGPAGNPGANGLN,1
PF,1
SIVLQEQSLQ,1
QPLPPT,1
NR,1
AL,1
EMPFPKYPVEP,1
GAIIGLMVGGVVIA,0
TNGIIR,0
NW,1
TL,1
TKFILVLTGEERQGV,0
DGDFAIVKFTKVLLDYTGHI,0
AMPVQAVLP,1
IIAEK,1
QFADG,1
SASVRIRYKKMKVFCPRP,0
LNVPGE,1
WPQ,1
YL,1
YTLDQVNQHKKAIEE,0
GPFPII,1
SPPEFLR,1
ITRINKK,0
GQWRGAAGTAAQAAVVRFQE,0
IHPFAQ,1
EPVLGPV,1
VPVPS,1
YPFPGP,1
YHGQRHSDEHHHDDSLPHPQ,0
PALDSLTPANEDQKIGIEII,0
VEALFLLMKADPSIH,0
LANVST,0
PVCAHRETTIVSFGYSLYAG,0
MWPNGSSLG,1
GGGYITCPPYVEVCQ,0
GPFPI,1
IADHFL,1
WVF,1
AYTGV,0
SKDQFEFALTAVAEEVNAILKA,0
IPF,1
IIF,0
NV,1
LQAFEPLR,1
QLRDIVDK,1
LAHKALCSEKL,1
QNIPP,0
TG,1
FLSLIPHAINAVSAIAKHF,0
PPL,1
YAYVAREQSCR,0
WCKDDQNPHS,1
IPW,1
ET,1
GLVGPDAGKEMG,1
LQSWMHQPHQPLPPTVMFPPQSVL,1
YPFPGPIPN,1
LKPTPEGDLE,1
YD,1
ATCDLLSKWNWNHTACAGHCIAKGFKGGYCNDKAVCVCRN,0
FAKIIAKIAKIAKKIL,0
EVLYLKPLAGVYRSLKKQ,0
LTEEEK,1
KRHRKVLRDNIQGITKPAIRRLAR,0
TH,1
AIV,1
PLLQ,1
LQALHQGQIV,1
GKDFFKPLRILLTGNSHGVEF,0
VF,1
LEDLLMGTLGIVCPICSQKP,0
GE,1
NP,1
GRHSAEYYNKQYLERTRAELDTA,0
STHGVW,0
ATGFFAKKEAAEKHL,0
YAVITWRALNKL,0
SLSVYDLESKAVIAEL,0
DR,1
YPFPGPIPD,1
VA,1
TE,1
GRDYRTCLTIVQKLKKMVDKPTQRSVSNAATRVCRTGRSRWRDVCRNFMRRYQSRVTQGLVAGETAQQICEDLRLCIPSTGPL,0
SDKTIDGRGVKV,0
HKEMPFPKYPVEP,1
VPVPP,1
VGINYWLAHKHK,0
WVA,1
AVPYPQRDMP,1
WVD,1
FTESQS,1
GMWSKILKHLIR,0
LKPTPEGDL,1
VYIHPF,0
KKIIAEKTKIPAVFK,0
VHLPP,0
GLFAVIKKVASVIKGL,0
LSQSKVLPVPQ,1
WRD,1
IPPLTQTPVVVPPFLQPE,1
GL,1
LRENNKLMLLELK,1
LPSW,1
WHHTF,0
LR,1
LHLPAP,0
QPQ,1
LMNSPEFHLVFGECEGVKIQ,0
QKFSEHFSIHCCPPFTFLNSKR,0
GAAELPCSADWW,0
VPVPI,1
YNLKERYAAW,1
WAM,1
VQ,1
IVVADLFSAGMVTTSTTLAW,0
LSVPDGLKVSNSSARG,0
NRLTPEEIERMVNDAEKFAE,0
MI,1
KHLLATSPKLAKYLS,0
GF,1
EP,1
KPA,1
YG,1
GIGGKILSGLKTALKGAAKELASTYLH,0
EEYLILSARDVLAVVSK,0
YY,1
RADHPF,0
YINQMPQKSREA,1
ENTIKIQEGSGLSKEE,0
LGP,1
GRENYHGCTTHWGFTLC,0
VPGEIVESLS,0
PAAVR,1
FGINAENNHRIFLAG,0
AVVESNGTLTLSHFGKC,0
FKGVDAQGTLSKIFKLGGR,0
RADHRYNDLGHR,0
TGPIPNSLPQ,0
NMYAMMIARFKMFPEVKEKG,0
VKKTC,0
FAGDDAPR,1
GTLVRIAPVIGACMARQA,0
TPEQIKTLVEKLRQT,0
HA,1
RMLGQYPYK,0
FPGPIP,1
GHFVKPEAFLPFSAGRRACL,0
VPVPL,1
VPLGTQY,1
RPK,1
DLTFPA,1
RP,1
EKLKHILGKARFIKLN,0
LVSGM,1
IIAP,1
IRWCT,0
FCTMIPIPRCY,0
AVTCNTVVSSLAPCVPFFAGSAAQPTAACCNGVRSLNSAARTTPDRRTACNCIKSSASSIGLNYNKAAKLPSRCTVNVTVPISPSVNCAT,0
WAG,1
DAYPSGA,0
KLIAYPIAVEALSL,0
ARP,0
QE,1
HF,1
TPEKEEPTAAPAEPEAPAPE,0
WPP,1
ATPATPTVAQFVIQGSTICLVC,0
RKVLENRSLSDEERM,0
VAHINVWK,0
LPTEV,1
WSG,1
LPGERGRPGAPGP,1
AKCIKNGKGCREDQGPPFCCSGFCYRQVGWARGYCKNR,0
IPIPI,1
GPFPILV,1
FLPLVTMLLGKLF,0
VFEWAFAR,0
FPPQSVL,0
SKVLPVPQK,0
VYPFPGP,1
FLIGMTQGLICLITRKC,0
NG,1
PCHIAW,0
LNENLLRFFVAPFPEVFG,0
CQSQLERANLRPCEQHLMQK,0
IPPLTQT,1
KFKGKATLTSDK,0
GADLDKIGLHSDSQE,0
YPSFQPQPLIYP,0
LSF,1
QPF,1
LPQPPQE,1
VH,1
KNGDGY,0
LAY,1
GPA,1
GPGE,1
WRN,1
PL,1
WPE,1
ICKINVAVNIEPQTY,0
LAFPGSAQE,1
LEAKITMLTNGQCQNIT,0
EFTNVSCTTSKECWSVCQRLHNTSRGKCMNKKCRCYS,0
VKNVIGPFMKAVCVE,0
VRGPFPIIV,0
YPVQPFTE,0
NL,1
EDYAKEGFRAPLQSK,0
APR,1
IPAVFKIDAL,1
IHPFAQTQ,1
LYQEPVLGPVR,1
LPNYNSRA,1
MWIVDPNIE,1
YPSYGLNYY,1
HP,1
VPGLAL,1
AFKLLGRIIHHVGNFVYGFSHVF,0
QQRRLLRRK,1
VPL,1
WGLP,1
AWLHPGAPKVF,0
GPIN,1
VAGTWY,1
WVPVDPNIE,1
LGKVTIAQGGVLPNI,0
RWRQIFNMVGFRNAV,0
LQP,1
IDPNG,0
HY,1
KLQKTYSQYKVQYDM,0
ATCYCRTGRCATRESLSGVCEISGRLYRLCCR,0
MPF,1
FPW,1
ERRAKEKLQEQQRDLEQRKADTKK,0
LSIYEAIKGVDGLDA,0
FLGYSIYLNRKRRGDPAFKRRLRD,0
WAH,1
VPVPE,1
LTL,1
DVTFPA,1
YPL,1
LSFNPTQLEEQ,1
WAR,1
EPKAIP,0
QFHQPLVSHQMRLSQ,0
FLPIVGRLISGLL,0
IQP,1
NLLRF,0
AITAKL,0
GQFEDFFPASSRDQS,0
MM,1
CDVGSDWRFLRGYHQYAYDGKD,0
FLFRVASKVFPALIGKFKKK,0
VK,1
KF,1
RRVNAANKKPEDLTLNDLET,0
HPIKHQGLPQEV,1
MVPVDPNIE,1
ACYCRIPACFAGERRYGTCFYLGRVWAFCC,0
SPTVMFPPQSVL,1
IPQVS,1
DGTQQFYHYASSVKPARVIF,0
SNEILRLKGLMNSILAQNSGQSLEQ,0
NKWEDKRLLYSQA,0
MPRWRLFRRIDRVGKQIKQGILRAGPAIALVGDARAVG,0
PACGGFYISGRPG,1
FNPTY,1
ASYDTKF,0
PLGGGSQTWEGSGVLPCVGT,0
GEGAVQWMNRLIAFASRGNHV,0
EPVLGPVRGPFPII,1
TK,1
TSKGLFRAAVPSGAS,0
GLQLPFSEE,1
QRSRQFQNLQNHRIVQIEAK,0
LPVYD,1
GFGCNGPWDEDDMQCHNHCKSIKGYKGGYCAKGGFVCKCY,0
ENFFKEIERAGQRIRDAIISAAPAVETLAQAQKIIKGGD,0
SSGKNEGTNIYNNNEAFKVE,0
AFPRS,0
LPYPY,1
VPIP,1
VPVPN,1
PI,1
VLPVP,1
LTDVENLHLPLPL,1
ME,1
NIIPA,0
PANIKWGD,0
ES,1
KYPVEPFTESQSLTLTDVENLHL,0
LNDALSLRTEARATY,0
ESKHGLTNTASHTRLSCD,0
GPVG,1
FSD,1
QDNSAKKEATPATPSKPTPS,0
FRGLAKLLKIGLKSFARVLKKVLPKAAKAGKALAKSMADENAIRQQNQ,0
LSFLPSDFFPSVRDL,0
VYSLIRPNENPAHKSQL,0
WF,1
LISTAVQGILFALLGA,0
NAGFNSNRANSSRSS,0
NQ,1
IPM,1
HPINHR,1
FLPVIAGVAAKFLPKIFCAITKKC,0
LNENLLR,1
RR,1
QPLPPTV,1
HVIEVQQINSERSWFF,0
GKWMTLLKHILK,0
VPVPG,1
MIM,1
PYYLSDITDALSPQV,0
WVK,1
FAQTQ,1
QKRAAQDAAVDAACG,0
RPQIPP,0
IYFAALSPAVTFGGL,0
MDPVDPNIE,1
SPQ,1
RRDY,1
GGLRSLGRKILRAWKKYGPIIVPIIRIG,0
RFNKRENFKNVLESDLIP,0
WRW,1
RADHFL,0
VAFNMFTDNVDQ,0
KE,1
GSLQPLALEGSLQKRGIV,0
IPA,1
VPLGTQ,1
IPSK,1
DYSNTHSTRYV,0
LYRNG,0
NLEIIL,1
VG,1
RSLTPCTCGSSDLYLVTR,0
DTQAIVQNND,1
SY,1
TPEVDDEALEKF,1
WRH,1
GFKLKGMARISCLPNGQWSNFPPKCIRECAMVSS,0
LVFLRNAKIELKPNQ,0
WVM,1
WW,1
FLMESH,1
YQ,1
FADKPDESTLSPEMKEHYDK,0
AGLLGVVSTVLLGGV,0
TPVVVPPFLQPEV,1
PQGPVPNTALFSLVL,0
VPVPD,1
GFPGTPGLPGF,0
IDWKKLLDAAKQIL,0
KHLPLP,0
IHF,1
DVYAPGKDITSLKPGGSTDT,0
YFVGKMYFNLID,0
LYLKRKLIYDAAVEG,0
KWCFRVCYRGICYRRCR,0
EGEPR,0
YLVPQL,0
WAL,1
DENSKQKKWDPLKKE,0
WR,1
MHQPPQPL,1
WWW,1
LY,1
TATELNNALQNLARTISEAG,0
IQKVAGTW,1
MV,1
LT,1
QPHQPLPPTVMFPPQSV,1
DQVFPMNPPK,0
KLYKMAVAFMLAYPY,0
LKALPMH,1
IPPLTQTPVVVPPF,1
LPLPLL,1
TQ,1
LVQGS,0
WY,1
IRRVTRVYHNGITGETTT,0
NDYSYWLSIPALMPMNMAPI,0
REKLQLILTLSRNASLYLNGA,0
ESSPNTQWELRAFMA,0
SLPQNIPPLTQTP,1
AV,1
AG,1
GASRHWYFL,0
LIAP,1
LHLPLL,0
VC,1
LVYPTSLGFPLKLVL,0
TGPIPN,0
MQEHFTCCR,1
WI,1
ALPMH,0
VPPFLQPE,1
VLDTDY,1
LHEPG,0
SPVVPF,1
AMAPKHKEMPFPKYPVEP,1
FVAPFPEVF,1
KIHPFAQAQ,0
ALASPGSCLEEFRASPFLEC,0
GFGCPNDYPCHRHCKSIPGRAGGYCGGAHRLRCTCYR,0
FLPFIARLAAKVFPSIICSVTKKC,0
KL,1
RRPQDVKFPGGGQIVGGVY,0
LPL,1
FLPIASLLGKYL,0
PSWGLARVGSKKPGGTTYYY,0
VDVSEGDIVIYSKYG,0
YM,1
MKAVCFSL,1
NGGYLAAGKLTWADF,0
KIISRCQVCMKKRH,0
WPM,1
SAGMIPAEPGEA,0
MNPVDPNIE,1
LP,1
MGSF,1
LPVDM,1
KP,1
YI,1
EVTFPA,1
PPFLQPE,1
MTSRDIEVQGFRIPKGTTLI,0
VLVLDTDYK,1
WAQ,1
MWPLGPASS,1
PAIKAWVAKRPPTDL,0
SPAQILQWQ,1
MCESASSK,0
LEQLLR,1
LIVTQ,1
NTVYFGFDKYDITGE,0
KSMKVTVAFNQFGPNAGQRM,0
PM,1
ADRGWIKTLTKDCPNVISSICAGTIITACKNCA,0
MAIPPK,1
WM,1
GPSL,1
DSHAKRHHGYKRKFHEKHHSHRGYRSNYLYDN,0
VRTPE,0
WAY,1
QGYRVSSYLPLL,0
LPQNIPPLT,1
TPVVVPPFLQPEVM,1
WVT,1
FA,1
FPGPIPN,1
WT,1
SDEGGYTCFFRDHSYQEE,0
AKPEG,0
FVQWFSKFLGRIL,0
INNQFLPYPY,1
KY,1
KYDFDGVNRGTRGTS,0
VHSP,1
PG,1
LAPSTM,1
IA,1
MLVFAV,0
FWGALAKGALKLIPSLFSSFSKKD,0
DPF,1
ILRWPWWPWRRK,0
AMAPKHKEMPFPKYP,1
PACGGFWISGRPG,1
ASGGTFSSFAINWVRQAPGQ,0
IPVDM,1
GLDIQK,1
YN,1
VLILTVPLRRLILPLIFR,0
GPF,1
FATGT,1
MQKYMQIVRYLTILITLI,0
GFMDTAKNVAKNVAVTLIDNLKCKITKAC,0
QS,1
KRFKQDGGASHASPASS,0
NANEEEY,1
LSQSK,1
FL,1
LPQNIPPLTQTPV,1
PPFLQ,1
MVGSAPGVL,0
VPVPW,1
KAFDITYVRLKF,0
ADTLACRQSHQSCSFVACRAPSVDIGTCRGGKLKCCKWAPSS,0
FLATCINGVCWTVYHGAG,0
IVY,1
AH,1
VAPFPEV,0
VCYNQ,0
MIPVDPNIE,1
DVAGIVGVPVAAGCT,0
IKPLNY,0
GGRPTY,0
EPMIGV,1
CYSAAKYPGFQEFINRKYKSSRF,0
FAKLWAKLAKKL,0
SFSVPTGQPRPSHHGVFAFL,0
YPFPGPIP,1
TS,1
LIKGRTPIKFGKADCDRPPK,0
PTHIKWD,0
ASGLCPEEAVPRR,1
MPLW,1
VIYNINSTIVRSMKDLMQ,0
LEIVPN,1
KG,1
DAYPSGAWYYVPLGTQYT,0
LGPVRGPFPI,1
YPY,1
VELWP,0
WPPRPQIPP,0
LVVYPWT,1
PH,1
GEPGIAGFKGAQGPKGEPGPA,0
ND,1
GVGAGY,0
WRG,1
LAIPVNKP,0
QA,1
YQEPVLQPVR,0
HS,1
WVN,1
IADMFP,1
PGTRINQETVSLDANGVSGS,0
LPLF,1
VY,1
ANNGNLQLRNKEVTWEVLEG,0
AEVDCSRFPNATDK,0
AKGMMHMIKKGANGS,0
MASVEVESAATALPKNETPE,0
STGFYLCTARSSLGS,0
NE,1
RNPILHFMRLKPKGLNNI,0
PY,1
LAHKALCSEK,1
KT,1
HT,1
KK,1
LSFNPT,1
PLLCVGLRPQWE,0
LPVP,1
YPYY,1
VLPVPQK,1
LAFPGSS,1
KLGDKEMIQHYTLDQ,0
FGGIDDINQIGQSD,0
YLEASGAMKASQWFK,0
TSGYDTQAIV,1
AY,1
FLPAIVGAAAKFLPKIFCAISKKC,0
RMLGQTP,0
IDALNENK,1
IVGRPRH,0
AYCLWMMLLISQAEAALELIT,0
WAA,1
MWP,1
SFEYFPSHFFVPELEVTIIC,0
AAPANDKFTVFEAAF,0
GIPLPLI,1
TTEWVETTARELPIP,0
FR,1
GPVA,1
MPFPK,1
WH,1
HQAAGW,0
VYPFPGPIPNSLPQNIPP,1
QTCSPLRVNHAVLAVGYGTQ,0
